[
  {
    "id": "0dbc07dc-fec8-4afe-be9d-99204381046c",
    "camera": "fire_video",
    "task": "火灾检测",
    "label": "Fire",
    "conf": 0.9509915709495544,
    "time": "2025-07-03T06:54:18.254756",
    "ack": false
  },
  {
    "id": "83c6bcde-9719-4766-94a4-2abdb472482a",
    "camera": "fire_video",
    "task": "火灾检测",
    "label": "Fire",
    "conf": 0.9577380418777466,
    "time": "2025-07-03T06:54:18.247222",
    "ack": false
  },
  {
    "id": "0daa6bb3-11df-4b3b-946a-9d0b461ecba0",
    "camera": "fire_video",
    "task": "火灾检测",
    "label": "Fire",
    "conf": 0.9509904980659485,
    "time": "2025-07-03T06:53:56.571174",
    "ack": false
  },
  {
    "id": "f3215e8b-8c63-4f0d-8d62-6459d425f8c9",
    "camera": "fire_video",
    "task": "火灾检测",
    "label": "Fire",
    "conf": 0.9577378034591675,
    "time": "2025-07-03T06:53:56.563627",
    "ack": false
  },
  {
    "id": "0ec1ff1e-9434-47e7-a4da-c53c6bde641c",
    "camera": "fire_video",
    "task": "火灾检测",
    "label": "Fire",
    "conf": 0.9509915709495544,
    "time": "2025-07-03T06:52:56.572218",
    "ack": false
  },
  {
    "id": "d97c9e69-fcb7-43b3-b472-3255c5a557b6",
    "camera": "fire_video",
    "task": "火灾检测",
    "label": "Fire",
    "conf": 0.9577380418777466,
    "time": "2025-07-03T06:52:56.564082",
    "ack": false
  },
  {
    "id": "3f73f7e7-85c9-4ea4-9e37-14712f2f916d",
    "camera": "fire_video",
    "task": "火灾检测",
    "label": "Fire",
    "conf": 0.9509996175765991,
    "time": "2025-07-03T06:51:56.584166",
    "ack": false
  },
  {
    "id": "170ef5c4-ebc6-471f-89c0-9a36fe9f7a89",
    "camera": "fire_video",
    "task": "火灾检测",
    "label": "Fire",
    "conf": 0.9577328562736511,
    "time": "2025-07-03T06:51:56.576376",
    "ack": false
  },
  {
    "id": "5282244d-1db3-4f36-aa83-0103af7811da",
    "camera": "fire_video",
    "task": "火灾检测",
    "label": "Fire",
    "conf": 0.9509982466697693,
    "time": "2025-07-03T06:50:56.566192",
    "ack": false
  },
  {
    "id": "0e9906a0-ad91-47db-9f58-e20d4bf199c6",
    "camera": "fire_video",
    "task": "火灾检测",
    "label": "Fire",
    "conf": 0.9577304720878601,
    "time": "2025-07-03T06:50:56.558646",
    "ack": false
  },
  {
    "id": "15e25da6-ef69-41bb-ae49-2552266e1365",
    "camera": "fire_video",
    "task": "火灾检测",
    "label": "Fire",
    "conf": 0.9509915709495544,
    "time": "2025-07-03T06:49:56.651542",
    "ack": false
  },
  {
    "id": "7f75f2bd-5ac7-4eba-87f2-d92e2baaef81",
    "camera": "fire_video",
    "task": "火灾检测",
    "label": "Fire",
    "conf": 0.9577380418777466,
    "time": "2025-07-03T06:49:56.643995",
    "ack": false
  },
  {
    "id": "aa89ce4c-9132-410b-bd6a-33192983dc6e",
    "camera": "fire_video",
    "task": "火灾检测",
    "label": "Fire",
    "conf": 0.950989842414856,
    "time": "2025-07-03T06:48:55.549013",
    "ack": false
  },
  {
    "id": "b3c11455-e101-49f7-9ecf-dfce5ca882de",
    "camera": "fire_video",
    "task": "火灾检测",
    "label": "Fire",
    "conf": 0.9577353000640869,
    "time": "2025-07-03T06:48:55.541399",
    "ack": false
  },
  {
    "id": "7f05a426-df0c-4840-85cb-b58f8840ceb7",
    "camera": "fire_video",
    "task": "火灾检测",
    "label": "Fire",
    "conf": 0.950989842414856,
    "time": "2025-07-03T06:48:53.552823",
    "ack": false
  },
  {
    "id": "58bc6562-329f-4084-bdef-02b6e08aeabe",
    "camera": "fire_video",
    "task": "火灾检测",
    "label": "Fire",
    "conf": 0.9577354192733765,
    "time": "2025-07-03T06:48:53.545226",
    "ack": false
  },
  {
    "id": "64d8bbfc-bdc1-4d08-989c-6cbcb870885e",
    "camera": "fire_video",
    "task": "火灾检测",
    "label": "Fire",
    "conf": 0.9509922862052917,
    "time": "2025-07-03T06:48:51.553657",
    "ack": false
  },
  {
    "id": "3aee8ccf-57d3-441c-a691-196dd911ee28",
    "camera": "fire_video",
    "task": "火灾检测",
    "label": "Fire",
    "conf": 0.957737147808075,
    "time": "2025-07-03T06:48:51.546103",
    "ack": false
  },
  {
    "id": "60e39477-87c5-4f58-b093-9125c926fa60",
    "camera": "fire_video",
    "task": "火灾检测",
    "label": "Fire",
    "conf": 0.9509904980659485,
    "time": "2025-07-03T06:48:49.550909",
    "ack": false
  },
  {
    "id": "4c46257e-1c80-4e98-9430-01665d978289",
    "camera": "fire_video",
    "task": "火灾检测",
    "label": "Fire",
    "conf": 0.9577378034591675,
    "time": "2025-07-03T06:48:49.543220",
    "ack": false
  },
  {
    "id": "39cb0efb-11a8-4124-a68b-317d2fd1358f",
    "camera": "fire_video",
    "task": "火灾检测",
    "label": "Fire",
    "conf": 0.9509922862052917,
    "time": "2025-07-03T06:48:47.550795",
    "ack": false
  },
  {
    "id": "a5a426c7-4d40-4220-92fc-c363bc8d5813",
    "camera": "fire_video",
    "task": "火灾检测",
    "label": "Fire",
    "conf": 0.957737147808075,
    "time": "2025-07-03T06:48:47.543207",
    "ack": false
  },
  {
    "id": "684f665f-fca5-4483-b398-de32cb301d98",
    "camera": "fire_video",
    "task": "火灾检测",
    "label": "Fire",
    "conf": 0.9509879946708679,
    "time": "2025-07-03T06:48:45.559766",
    "ack": false
  },
  {
    "id": "856fb367-b2d7-40a0-8edc-7ce59367075b",
    "camera": "fire_video",
    "task": "火灾检测",
    "label": "Fire",
    "conf": 0.9577313661575317,
    "time": "2025-07-03T06:48:45.551613",
    "ack": false
  },
  {
    "id": "597e8c3e-d363-4d5d-be92-0addc83077ae",
    "camera": "fire_video",
    "task": "火灾检测",
    "label": "Fire",
    "conf": 0.9509989023208618,
    "time": "2025-07-03T06:48:43.570046",
    "ack": false
  },
  {
    "id": "fa606445-6908-4757-8b01-f77ab4b93b56",
    "camera": "fire_video",
    "task": "火灾检测",
    "label": "Fire",
    "conf": 0.9577327966690063,
    "time": "2025-07-03T06:48:43.562000",
    "ack": false
  },
  {
    "id": "5d8f627a-67ec-4e60-a3b4-4ccfc9f54adf",
    "camera": "fire_video",
    "task": "火灾检测",
    "label": "Fire",
    "conf": 0.9509924054145813,
    "time": "2025-07-03T06:48:41.557286",
    "ack": false
  },
  {
    "id": "09adfd04-5968-4ca0-9ce3-f745a7c91b3e",
    "camera": "fire_video",
    "task": "火灾检测",
    "label": "Fire",
    "conf": 0.957737147808075,
    "time": "2025-07-03T06:48:41.549421",
    "ack": false
  },
  {
    "id": "ab41ef7e-e54e-42f3-92c3-b857ccb828ea",
    "camera": "fire_video",
    "task": "火灾检测",
    "label": "Fire",
    "conf": 0.9509928226470947,
    "time": "2025-07-03T06:48:39.550046",
    "ack": false
  },
  {
    "id": "1c232e3d-efff-4c79-8496-48302da3e436",
    "camera": "fire_video",
    "task": "火灾检测",
    "label": "Fire",
    "conf": 0.9577341675758362,
    "time": "2025-07-03T06:48:39.542251",
    "ack": false
  },
  {
    "id": "5d8f9208-9cd4-47b3-97b0-101668db2eb9",
    "camera": "fire_video",
    "task": "火灾检测",
    "label": "Fire",
    "conf": 0.9509922862052917,
    "time": "2025-07-03T06:48:37.551606",
    "ack": false
  },
  {
    "id": "a39f39d2-3c53-4d2f-9868-99f80cfa5718",
    "camera": "fire_video",
    "task": "火灾检测",
    "label": "Fire",
    "conf": 0.957737147808075,
    "time": "2025-07-03T06:48:37.544031",
    "ack": false
  },
  {
    "id": "a98d9a5e-e0d1-40ce-9433-61d3b9443b1b",
    "camera": "fire_video",
    "task": "火灾检测",
    "label": "Fire",
    "conf": 0.9509940147399902,
    "time": "2025-07-03T06:48:35.551151",
    "ack": false
  },
  {
    "id": "444dae05-0e93-4cf6-897f-66ca3a2bcbe4",
    "camera": "fire_video",
    "task": "火灾检测",
    "label": "Fire",
    "conf": 0.9577338695526123,
    "time": "2025-07-03T06:48:35.543584",
    "ack": false
  },
  {
    "id": "5690c3e3-e783-4e14-b369-559c7d54f42d",
    "camera": "fire_video",
    "task": "火灾检测",
    "label": "Fire",
    "conf": 0.9509900212287903,
    "time": "2025-07-03T06:48:33.550089",
    "ack": false
  },
  {
    "id": "a7627575-ed47-437a-bf0b-b9633221a1ad",
    "camera": "fire_video",
    "task": "火灾检测",
    "label": "Fire",
    "conf": 0.9577342867851257,
    "time": "2025-07-03T06:48:33.542491",
    "ack": false
  },
  {
    "id": "6c41c2de-0033-4ba7-a338-08a75d8aeb8e",
    "camera": "fire_video",
    "task": "火灾检测",
    "label": "Fire",
    "conf": 0.9510094523429871,
    "time": "2025-07-03T06:48:31.551258",
    "ack": false
  },
  {
    "id": "71584e3b-c912-4438-94fa-24a84cfb2292",
    "camera": "fire_video",
    "task": "火灾检测",
    "label": "Fire",
    "conf": 0.9577341675758362,
    "time": "2025-07-03T06:48:31.543644",
    "ack": false
  },
  {
    "id": "195c9a46-21a1-4882-86aa-dca83b84edbb",
    "camera": "fire_video",
    "task": "火灾检测",
    "label": "Fire",
    "conf": 0.9509996175765991,
    "time": "2025-07-03T06:48:29.555722",
    "ack": false
  },
  {
    "id": "c8cdac52-7b41-4c7a-8179-780093cfd1e3",
    "camera": "fire_video",
    "task": "火灾检测",
    "label": "Fire",
    "conf": 0.9577328562736511,
    "time": "2025-07-03T06:48:29.547616",
    "ack": false
  },
  {
    "id": "eba27628-cd1e-4c35-90c8-aebbcc204038",
    "camera": "fire_video",
    "task": "火灾检测",
    "label": "Fire",
    "conf": 0.9509899020195007,
    "time": "2025-07-03T06:48:27.549302",
    "ack": false
  },
  {
    "id": "7061ec77-2812-4d04-b753-26cdbfed8b90",
    "camera": "fire_video",
    "task": "火灾检测",
    "label": "Fire",
    "conf": 0.9577353000640869,
    "time": "2025-07-03T06:48:27.541731",
    "ack": false
  },
  {
    "id": "7064abee-c900-4111-b008-3f958d7a4aaf",
    "camera": "fire_video",
    "task": "火灾检测",
    "label": "Fire",
    "conf": 0.9509915709495544,
    "time": "2025-07-03T06:48:25.550895",
    "ack": false
  },
  {
    "id": "6c469396-cd5d-4e05-8ddf-f4881bcef945",
    "camera": "fire_video",
    "task": "火灾检测",
    "label": "Fire",
    "conf": 0.9577380418777466,
    "time": "2025-07-03T06:48:25.543308",
    "ack": false
  },
  {
    "id": "5605d83e-71f9-40b2-a988-d89b74ed9478",
    "camera": "fire_video",
    "task": "火灾检测",
    "label": "Fire",
    "conf": 0.9509897232055664,
    "time": "2025-07-03T06:48:23.550045",
    "ack": false
  },
  {
    "id": "f6a4ff2a-d261-4041-bec0-adf62db418ad",
    "camera": "fire_video",
    "task": "火灾检测",
    "label": "Fire",
    "conf": 0.9577354192733765,
    "time": "2025-07-03T06:48:23.542462",
    "ack": false
  },
  {
    "id": "b5f1f9a2-76c9-48c3-8129-8844f6038579",
    "camera": "fire_video",
    "task": "火灾检测",
    "label": "Fire",
    "conf": 0.951015293598175,
    "time": "2025-07-03T06:48:21.550876",
    "ack": false
  },
  {
    "id": "5b5d63cc-38f9-4bb2-9a6a-36829053b0c2",
    "camera": "fire_video",
    "task": "火灾检测",
    "label": "Fire",
    "conf": 0.9577344059944153,
    "time": "2025-07-03T06:48:21.542953",
    "ack": false
  },
  {
    "id": "1b02de89-00b9-41d3-afdd-dd1b756d707c",
    "camera": "fire_video",
    "task": "火灾检测",
    "label": "Fire",
    "conf": 0.9509826898574829,
    "time": "2025-07-03T06:48:19.554181",
    "ack": false
  },
  {
    "id": "9bcb894d-d616-4fee-b10d-40b00f97f0bc",
    "camera": "fire_video",
    "task": "火灾检测",
    "label": "Fire",
    "conf": 0.9577327966690063,
    "time": "2025-07-03T06:48:19.546330",
    "ack": false
  },
  {
    "id": "f9a59e6f-0788-4ea9-9942-aa4a3fc9ffba",
    "camera": "fire_video",
    "task": "火灾检测",
    "label": "Fire",
    "conf": 0.9509959816932678,
    "time": "2025-07-03T06:48:17.550493",
    "ack": false
  },
  {
    "id": "f42460dc-87ae-424a-b243-ee79fc25d473",
    "camera": "fire_video",
    "task": "火灾检测",
    "label": "Fire",
    "conf": 0.9577345252037048,
    "time": "2025-07-03T06:48:17.542882",
    "ack": false
  },
  {
    "id": "0d68b6e6-9b4f-4709-ab80-f3dfd425a81a",
    "camera": "fire_video",
    "task": "火灾检测",
    "label": "Fire",
    "conf": 0.9532569646835327,
    "time": "2025-07-03T06:48:15.554669",
    "ack": false
  },
  {
    "id": "074c1fc6-c003-483e-9104-a3c8e8576aaf",
    "camera": "fire_video",
    "task": "火灾检测",
    "label": "Fire",
    "conf": 0.9567387700080872,
    "time": "2025-07-03T06:48:15.546854",
    "ack": false
  },
  {
    "id": "e4ca477e-f932-4423-8b85-1c5291b2c76f",
    "camera": "fire_video",
    "task": "火灾检测",
    "label": "Fire",
    "conf": 0.9654771685600281,
    "time": "2025-07-03T06:48:13.568109",
    "ack": false
  },
  {
    "id": "aef55941-7a1f-4e7e-802b-f5f2c26f45cc",
    "camera": "fire_video",
    "task": "火灾检测",
    "label": "Fire",
    "conf": 0.5764597058296204,
    "time": "2025-07-03T06:48:07.543812",
    "ack": false
  },
  {
    "id": "9b16f99b-4742-4c28-bc30-541c47c6fbcb",
    "camera": "fire_video",
    "task": "火灾检测",
    "label": "Fire",
    "conf": 0.9543498158454895,
    "time": "2025-07-03T06:48:01.544465",
    "ack": false
  },
  {
    "id": "9fbaa3bf-eae6-4826-8dc8-a089230550bc",
    "camera": "fire_video",
    "task": "火灾检测",
    "label": "Fire",
    "conf": 0.9462352991104126,
    "time": "2025-07-03T06:47:59.539635",
    "ack": false
  },
  {
    "id": "0e84c023-dd76-4f8c-9ce9-850a131120fd",
    "camera": "fire_video",
    "task": "火灾检测",
    "label": "Fire",
    "conf": 0.9644699692726135,
    "time": "2025-07-03T06:47:57.556329",
    "ack": false
  },
  {
    "id": "9d2fb266-ad68-40a9-b68d-369494187b3e",
    "camera": "fire_video",
    "task": "火灾检测",
    "label": "Fire",
    "conf": 0.962977945804596,
    "time": "2025-07-03T06:47:49.540570",
    "ack": false
  },
  {
    "id": "3b5dbc02-c04b-4c40-82c4-c64eee4ee8c4",
    "camera": "fire_video",
    "task": "火灾检测",
    "label": "Fire",
    "conf": 0.9663589000701904,
    "time": "2025-07-03T06:47:49.533009",
    "ack": false
  },
  {
    "id": "50ae2cef-22ff-44dd-a0d4-89f323d60204",
    "camera": "fire_video",
    "task": "火灾检测",
    "label": "Fire",
    "conf": 0.7476816177368164,
    "time": "2025-07-03T06:47:47.533262",
    "ack": false
  },
  {
    "id": "c3571987-9d81-4c90-864f-c261ad60d6dc",
    "camera": "fire_video",
    "task": "火灾检测",
    "label": "Fire",
    "conf": 0.942571759223938,
    "time": "2025-07-03T06:47:45.474470",
    "ack": false
  },
  {
    "id": "dbcdb094-86f6-445f-b831-a31f6fc85d16",
    "camera": "fire_video",
    "task": "火灾检测",
    "label": "Fire",
    "conf": 0.9484056234359741,
    "time": "2025-07-03T06:47:45.471082",
    "ack": false
  },
  {
    "id": "e16641a4-1905-41af-9433-bd503c85a872",
    "camera": "fire_video",
    "task": "火灾检测",
    "label": "Fire",
    "conf": 0.9490440487861633,
    "time": "2025-07-03T06:47:45.467747",
    "ack": false
  },
  {
    "id": "d9c2daa3-ac47-44c0-965a-954a7faf5569",
    "camera": "fire_video",
    "task": "火灾检测",
    "label": "Fire",
    "conf": 0.9495003819465637,
    "time": "2025-07-03T06:47:45.464423",
    "ack": false
  },
  {
    "id": "349fed6e-1c68-4df1-80fc-1be256ba4c8c",
    "camera": "fire_video",
    "task": "火灾检测",
    "label": "Fire",
    "conf": 0.9532513618469238,
    "time": "2025-07-03T06:47:45.461072",
    "ack": false
  },
  {
    "id": "45341f30-92e9-430b-a52f-74e5f873f33f",
    "camera": "fire_video",
    "task": "火灾检测",
    "label": "Fire",
    "conf": 0.9546162486076355,
    "time": "2025-07-03T06:47:45.457701",
    "ack": false
  },
  {
    "id": "4fb8c6c3-53b8-41cd-b457-1a750fb4e04f",
    "camera": "fire_video",
    "task": "火灾检测",
    "label": "Fire",
    "conf": 0.9550630450248718,
    "time": "2025-07-03T06:47:45.453856",
    "ack": false
  },
  {
    "id": "29f0d2eb-92ab-4560-be1c-1916242c21f9",
    "camera": "fire_video",
    "task": "火灾检测",
    "label": "Fire",
    "conf": 0.9550892114639282,
    "time": "2025-07-03T06:47:45.450518",
    "ack": false
  },
  {
    "id": "43f288e2-b7cf-48b6-98b7-5f5f5a734277",
    "camera": "fire_video",
    "task": "火灾检测",
    "label": "Fire",
    "conf": 0.9552741646766663,
    "time": "2025-07-03T06:47:45.447193",
    "ack": false
  },
  {
    "id": "bba70d21-528d-47bb-88a9-d91bacbb1bb1",
    "camera": "fire_video",
    "task": "火灾检测",
    "label": "Fire",
    "conf": 0.9553448557853699,
    "time": "2025-07-03T06:47:45.443840",
    "ack": false
  },
  {
    "id": "135cae28-a793-4fd2-b153-afb703c34ba2",
    "camera": "fire_video",
    "task": "火灾检测",
    "label": "Fire",
    "conf": 0.9564730525016785,
    "time": "2025-07-03T06:47:45.440480",
    "ack": false
  },
  {
    "id": "68b2276d-43f5-4619-ba61-3f93244e9717",
    "camera": "fire_video",
    "task": "火灾检测",
    "label": "Fire",
    "conf": 0.957984983921051,
    "time": "2025-07-03T06:47:45.437035",
    "ack": false
  },
  {
    "id": "72989e16-c09e-4cf1-9dfa-1532a2ee819f",
    "camera": "fire_video",
    "task": "火灾检测",
    "label": "Fire",
    "conf": 0.9615362882614136,
    "time": "2025-07-03T06:47:45.433312",
    "ack": false
  },
  {
    "id": "650d46d0-c6de-4937-a8ea-072b05a6049e",
    "camera": "fire_video",
    "task": "火灾检测",
    "label": "Fire",
    "conf": 0.9486680030822754,
    "time": "2025-07-03T06:47:43.114709",
    "ack": false
  },
  {
    "id": "5e510e8b-291e-479e-89c5-0b7cee023d43",
    "camera": "fire_video",
    "task": "火灾检测",
    "label": "Fire",
    "conf": 0.949687659740448,
    "time": "2025-07-03T06:47:43.106550",
    "ack": false
  },
  {
    "id": "238ff5e8-fe93-4d9e-9e98-1141934bd162",
    "camera": "fire_video",
    "task": "火灾检测",
    "label": "Fire",
    "conf": 0.9603636860847473,
    "time": "2025-07-03T06:47:43.098014",
    "ack": false
  },
  {
    "id": "2fe0b75e-5c31-48e6-b2cc-1ac413f9f787",
    "camera": "fire_video",
    "task": "火灾检测",
    "label": "Fire",
    "conf": 0.950989842414856,
    "time": "2025-07-03T06:46:56.558270",
    "ack": false
  },
  {
    "id": "11389ec7-a457-4460-bc8f-1fd79c727903",
    "camera": "fire_video",
    "task": "火灾检测",
    "label": "Fire",
    "conf": 0.9577354192733765,
    "time": "2025-07-03T06:46:56.550319",
    "ack": false
  },
  {
    "id": "cb4677fc-b68a-437e-8fd5-4290332ff624",
    "camera": "fire_video",
    "task": "火灾检测",
    "label": "Fire",
    "conf": 0.9510102868080139,
    "time": "2025-07-03T06:46:13.564478",
    "ack": false
  },
  {
    "id": "2c385cdc-dbe4-460a-95f2-024b792bc199",
    "camera": "fire_video",
    "task": "火灾检测",
    "label": "Fire",
    "conf": 0.9577345252037048,
    "time": "2025-07-03T06:46:13.556536",
    "ack": false
  },
  {
    "id": "197490c9-e72a-4ab1-b0ec-07bf7aaf312f",
    "camera": "fire_video",
    "task": "火灾检测",
    "label": "Fire",
    "conf": 0.950989842414856,
    "time": "2025-07-03T06:46:11.552778",
    "ack": false
  },
  {
    "id": "b3ccfb84-2443-4ebe-91e4-eb0df4c3fee9",
    "camera": "fire_video",
    "task": "火灾检测",
    "label": "Fire",
    "conf": 0.9577354192733765,
    "time": "2025-07-03T06:46:11.544073",
    "ack": false
  },
  {
    "id": "a555ddbf-4846-4ca0-8298-9d86b6a4fff5",
    "camera": "fire_video",
    "task": "火灾检测",
    "label": "Fire",
    "conf": 0.951009213924408,
    "time": "2025-07-03T06:46:09.553673",
    "ack": false
  },
  {
    "id": "46cd5007-142c-449d-a22d-e024ebd91665",
    "camera": "fire_video",
    "task": "火灾检测",
    "label": "Fire",
    "conf": 0.9577342867851257,
    "time": "2025-07-03T06:46:09.545556",
    "ack": false
  },
  {
    "id": "83032daf-7b09-417e-8bff-f22d0bff1687",
    "camera": "fire_video",
    "task": "火灾检测",
    "label": "Fire",
    "conf": 0.9510005116462708,
    "time": "2025-07-03T06:46:07.553260",
    "ack": false
  },
  {
    "id": "ec67650e-d11d-45e9-9a19-31190b3a946d",
    "camera": "fire_video",
    "task": "火灾检测",
    "label": "Fire",
    "conf": 0.9577367305755615,
    "time": "2025-07-03T06:46:07.545343",
    "ack": false
  },
  {
    "id": "a174facd-6434-4f0d-aa6b-85f5d9c57ceb",
    "camera": "fire_video",
    "task": "火灾检测",
    "label": "Fire",
    "conf": 0.9509959816932678,
    "time": "2025-07-03T06:46:05.550114",
    "ack": false
  },
  {
    "id": "649795de-bbd5-44e0-bc2a-05c979377bd1",
    "camera": "fire_video",
    "task": "火灾检测",
    "label": "Fire",
    "conf": 0.9577348232269287,
    "time": "2025-07-03T06:46:05.542142",
    "ack": false
  },
  {
    "id": "e4487785-a835-4a0a-8cdd-7f3984341ecf",
    "camera": "fire_video",
    "task": "火灾检测",
    "label": "Fire",
    "conf": 0.9509955644607544,
    "time": "2025-07-03T06:46:03.552530",
    "ack": false
  },
  {
    "id": "dfa529a3-d6d0-468f-8a16-d386b6fc905c",
    "camera": "fire_video",
    "task": "火灾检测",
    "label": "Fire",
    "conf": 0.9577342867851257,
    "time": "2025-07-03T06:46:03.543947",
    "ack": false
  },
  {
    "id": "a7feba31-d39f-4324-a5ab-5278b15c4ba8",
    "camera": "fire_video",
    "task": "火灾检测",
    "label": "Fire",
    "conf": 0.9509980082511902,
    "time": "2025-07-03T06:46:01.558396",
    "ack": false
  },
  {
    "id": "ad6ed517-e190-474e-a087-6cf98efac154",
    "camera": "fire_video",
    "task": "火灾检测",
    "label": "Fire",
    "conf": 0.9577354192733765,
    "time": "2025-07-03T06:46:01.550433",
    "ack": false
  },
  {
    "id": "a81b8072-5d56-4764-bb20-9394da0ef626",
    "camera": "fire_video",
    "task": "火灾检测",
    "label": "Fire",
    "conf": 0.950989842414856,
    "time": "2025-07-03T06:45:59.560722",
    "ack": false
  },
  {
    "id": "87f52bf1-ed66-4fb6-a361-d00b7e3b1f12",
    "camera": "fire_video",
    "task": "火灾检测",
    "label": "Fire",
    "conf": 0.9577354192733765,
    "time": "2025-07-03T06:45:59.552445",
    "ack": false
  },
  {
    "id": "ec953322-fe2d-4bf1-84be-397376e4487f",
    "camera": "fire_video",
    "task": "火灾检测",
    "label": "Fire",
    "conf": 0.9509915709495544,
    "time": "2025-07-03T06:45:57.567462",
    "ack": false
  },
  {
    "id": "2f5690c4-6f2b-49ef-bc10-425dd0e57320",
    "camera": "fire_video",
    "task": "火灾检测",
    "label": "Fire",
    "conf": 0.9577380418777466,
    "time": "2025-07-03T06:45:57.559035",
    "ack": false
  },
  {
    "id": "c6fae979-35f4-48a1-bbe7-dfd78f5516da",
    "camera": "fire_video",
    "task": "火灾检测",
    "label": "Fire",
    "conf": 0.9509958624839783,
    "time": "2025-07-03T06:45:55.548891",
    "ack": false
  },
  {
    "id": "60e004f5-14e7-4e78-a6c7-37bf365dd745",
    "camera": "fire_video",
    "task": "火灾检测",
    "label": "Fire",
    "conf": 0.957736611366272,
    "time": "2025-07-03T06:45:55.540902",
    "ack": false
  },
  {
    "id": "991377e0-b08b-41a7-bb45-647c4b3dee59",
    "camera": "fire_video",
    "task": "火灾检测",
    "label": "Fire",
    "conf": 0.9509959816932678,
    "time": "2025-07-03T06:45:53.551304",
    "ack": false
  },
  {
    "id": "7d4fb4a0-decb-4716-9129-417262bebb2e",
    "camera": "fire_video",
    "task": "火灾检测",
    "label": "Fire",
    "conf": 0.9577348232269287,
    "time": "2025-07-03T06:45:53.542414",
    "ack": false
  },
  {
    "id": "e2950940-8cc7-458d-8b24-4b7a547b856d",
    "camera": "fire_video",
    "task": "火灾检测",
    "label": "Fire",
    "conf": 0.9510062336921692,
    "time": "2025-07-03T06:45:51.486116",
    "ack": false
  },
  {
    "id": "f070285a-259f-4472-92f4-90413cf5465f",
    "camera": "fire_video",
    "task": "火灾检测",
    "label": "Fire",
    "conf": 0.9577338695526123,
    "time": "2025-07-03T06:45:51.478105",
    "ack": false
  },
  {
    "id": "dbc48422-12c5-4d1c-9c37-f29322ccc70b",
    "camera": "fire_video",
    "task": "火灾检测",
    "label": "Fire",
    "conf": 0.9509978890419006,
    "time": "2025-07-03T06:45:49.551875",
    "ack": false
  },
  {
    "id": "86188fdc-6b90-426f-9602-88a6d4e673f2",
    "camera": "fire_video",
    "task": "火灾检测",
    "label": "Fire",
    "conf": 0.9577386975288391,
    "time": "2025-07-03T06:45:49.542768",
    "ack": false
  },
  {
    "id": "5431fa9e-168e-47ef-a5ed-49db19d62ca4",
    "camera": "fire_video",
    "task": "火灾检测",
    "label": "Fire",
    "conf": 0.9509938955307007,
    "time": "2025-07-03T06:45:47.546595",
    "ack": false
  },
  {
    "id": "b30e1df5-9a88-46c3-a807-18a4b255a181",
    "camera": "fire_video",
    "task": "火灾检测",
    "label": "Fire",
    "conf": 0.9577354788780212,
    "time": "2025-07-03T06:45:47.538677",
    "ack": false
  },
  {
    "id": "297eb3e4-bf50-4c24-9fbc-bd18acacff4a",
    "camera": "fire_video",
    "task": "火灾检测",
    "label": "Fire",
    "conf": 0.9510049223899841,
    "time": "2025-07-03T06:45:45.551294",
    "ack": false
  },
  {
    "id": "cb0c134b-7334-4a99-9aca-226016c73bf6",
    "camera": "fire_video",
    "task": "火灾检测",
    "label": "Fire",
    "conf": 0.9577370285987854,
    "time": "2025-07-03T06:45:45.542932",
    "ack": false
  },
  {
    "id": "dd20db54-8b34-493c-b2bd-fe4fa84cdb06",
    "camera": "fire_video",
    "task": "火灾检测",
    "label": "Fire",
    "conf": 0.9509904980659485,
    "time": "2025-07-03T06:45:43.544122",
    "ack": false
  },
  {
    "id": "b6f3d667-522e-4c52-a7f8-60cec40b2f62",
    "camera": "fire_video",
    "task": "火灾检测",
    "label": "Fire",
    "conf": 0.9577378034591675,
    "time": "2025-07-03T06:45:43.536158",
    "ack": false
  },
  {
    "id": "a72bdd33-97e3-415e-81ca-0e15085ed14f",
    "camera": "fire_video",
    "task": "火灾检测",
    "label": "Fire",
    "conf": 0.9509963989257812,
    "time": "2025-07-03T06:45:41.547268",
    "ack": false
  },
  {
    "id": "b19099e5-b92e-475b-99f8-0bd64e7a21fa",
    "camera": "fire_video",
    "task": "火灾检测",
    "label": "Fire",
    "conf": 0.9577351808547974,
    "time": "2025-07-03T06:45:41.539156",
    "ack": false
  },
  {
    "id": "1d489be3-ffe2-4660-b008-c9168e60e6e6",
    "camera": "fire_video",
    "task": "火灾检测",
    "label": "Fire",
    "conf": 0.9509946703910828,
    "time": "2025-07-03T06:45:39.549148",
    "ack": false
  },
  {
    "id": "4b14f710-1997-485a-82dd-246c99b98b37",
    "camera": "fire_video",
    "task": "火灾检测",
    "label": "Fire",
    "conf": 0.9577350616455078,
    "time": "2025-07-03T06:45:39.540973",
    "ack": false
  },
  {
    "id": "fc6cf8d4-786b-4a16-9330-3424988a4c54",
    "camera": "fire_video",
    "task": "火灾检测",
    "label": "Fire",
    "conf": 0.950989842414856,
    "time": "2025-07-03T06:45:37.565460",
    "ack": false
  },
  {
    "id": "76aaee22-6c8d-45e5-8569-03e22c8c2172",
    "camera": "fire_video",
    "task": "火灾检测",
    "label": "Fire",
    "conf": 0.9577354192733765,
    "time": "2025-07-03T06:45:37.556300",
    "ack": false
  },
  {
    "id": "9bbee1dc-d2ee-4b9f-a5eb-89d1e18f1897",
    "camera": "fire_video",
    "task": "火灾检测",
    "label": "Fire",
    "conf": 0.9510141611099243,
    "time": "2025-07-03T06:45:35.563575",
    "ack": false
  },
  {
    "id": "d4ab1923-ff09-4323-b56e-7db0c5c2a0e7",
    "camera": "fire_video",
    "task": "火灾检测",
    "label": "Fire",
    "conf": 0.9577353000640869,
    "time": "2025-07-03T06:45:35.555454",
    "ack": false
  },
  {
    "id": "4e0a8d02-e1eb-4fb6-aa4b-39b71732718b",
    "camera": "fire_video",
    "task": "火灾检测",
    "label": "Fire",
    "conf": 0.9509877562522888,
    "time": "2025-07-03T06:45:33.546495",
    "ack": false
  },
  {
    "id": "8a23b773-8d6a-4c54-83df-65b8a4cd2671",
    "camera": "fire_video",
    "task": "火灾检测",
    "label": "Fire",
    "conf": 0.9577394127845764,
    "time": "2025-07-03T06:45:33.538531",
    "ack": false
  },
  {
    "id": "398e5ba2-66f6-4388-83de-96e1a11701f5",
    "camera": "fire_video",
    "task": "火灾检测",
    "label": "Fire",
    "conf": 0.950989842414856,
    "time": "2025-07-03T06:45:31.549397",
    "ack": false
  },
  {
    "id": "45167268-217b-4c70-b994-b2c26f41ffac",
    "camera": "fire_video",
    "task": "火灾检测",
    "label": "Fire",
    "conf": 0.9577354192733765,
    "time": "2025-07-03T06:45:31.541277",
    "ack": false
  },
  {
    "id": "1217c3db-7557-49a7-ba21-6c1c55578f3f",
    "camera": "fire_video",
    "task": "火灾检测",
    "label": "Fire",
    "conf": 0.9509955644607544,
    "time": "2025-07-03T06:45:29.558904",
    "ack": false
  },
  {
    "id": "61383b9a-5d3f-4726-904a-6c7cc77129f7",
    "camera": "fire_video",
    "task": "火灾检测",
    "label": "Fire",
    "conf": 0.9577342867851257,
    "time": "2025-07-03T06:45:29.550901",
    "ack": false
  },
  {
    "id": "c66ec7bf-377d-48e5-968a-ab42761ecdb4",
    "camera": "fire_video",
    "task": "火灾检测",
    "label": "Fire",
    "conf": 0.9509940147399902,
    "time": "2025-07-03T06:45:27.572984",
    "ack": false
  },
  {
    "id": "a9cd2c8b-0198-4c09-8fd7-7b16059a8e05",
    "camera": "fire_video",
    "task": "火灾检测",
    "label": "Fire",
    "conf": 0.9577338695526123,
    "time": "2025-07-03T06:45:27.564975",
    "ack": false
  },
  {
    "id": "69d967c9-fa5d-458b-b371-76d7fe87c709",
    "camera": "fire_video",
    "task": "火灾检测",
    "label": "Fire",
    "conf": 0.9509985446929932,
    "time": "2025-07-03T06:45:25.562454",
    "ack": false
  },
  {
    "id": "690dd626-0032-4482-bfcb-55ec18b2ab67",
    "camera": "fire_video",
    "task": "火灾检测",
    "label": "Fire",
    "conf": 0.9577321410179138,
    "time": "2025-07-03T06:45:25.554433",
    "ack": false
  },
  {
    "id": "5fb0a1ea-eef1-425a-9fd8-93f0c9e19df0",
    "camera": "fire_video",
    "task": "火灾检测",
    "label": "Fire",
    "conf": 0.9509899020195007,
    "time": "2025-07-03T06:45:23.549383",
    "ack": false
  },
  {
    "id": "3c269ee0-15c5-4558-b983-c83db4faa10b",
    "camera": "fire_video",
    "task": "火灾检测",
    "label": "Fire",
    "conf": 0.9577353000640869,
    "time": "2025-07-03T06:45:23.541215",
    "ack": false
  },
  {
    "id": "6dba8a86-a0b6-429b-a23d-9c125a7b56ae",
    "camera": "fire_video",
    "task": "火灾检测",
    "label": "Fire",
    "conf": 0.950989842414856,
    "time": "2025-07-03T06:45:21.552473",
    "ack": false
  },
  {
    "id": "216f78ce-afcc-4480-b576-4848124a6e98",
    "camera": "fire_video",
    "task": "火灾检测",
    "label": "Fire",
    "conf": 0.9577354192733765,
    "time": "2025-07-03T06:45:21.544338",
    "ack": false
  },
  {
    "id": "fec79984-b923-4e1e-8f82-77f72c1e684d",
    "camera": "fire_video",
    "task": "火灾检测",
    "label": "Fire",
    "conf": 0.9509922862052917,
    "time": "2025-07-03T06:45:19.548432",
    "ack": false
  },
  {
    "id": "8830cad5-2312-438e-9fa2-274b44182d1d",
    "camera": "fire_video",
    "task": "火灾检测",
    "label": "Fire",
    "conf": 0.957737147808075,
    "time": "2025-07-03T06:45:19.540530",
    "ack": false
  },
  {
    "id": "c135d970-4c17-4463-9047-e21314708487",
    "camera": "fire_video",
    "task": "火灾检测",
    "label": "Fire",
    "conf": 0.951011598110199,
    "time": "2025-07-03T06:45:17.564188",
    "ack": false
  },
  {
    "id": "9c5f91a8-e1b6-41b4-97c0-aae19f668bc1",
    "camera": "fire_video",
    "task": "火灾检测",
    "label": "Fire",
    "conf": 0.9577351808547974,
    "time": "2025-07-03T06:45:17.556036",
    "ack": false
  },
  {
    "id": "87ff0145-c72e-4c2f-8e31-463d9b194bb6",
    "camera": "fire_video",
    "task": "火灾检测",
    "label": "Fire",
    "conf": 0.9509901404380798,
    "time": "2025-07-03T06:45:14.788474",
    "ack": false
  },
  {
    "id": "d53b0ff7-8bc1-48e0-af59-1d2910a0b9cf",
    "camera": "fire_video",
    "task": "火灾检测",
    "label": "Fire",
    "conf": 0.9577334523200989,
    "time": "2025-07-03T06:45:14.780568",
    "ack": false
  },
  {
    "id": "9ffdbed1-7d2e-4953-be10-f1e73a11fc55",
    "camera": "fire_video",
    "task": "火灾检测",
    "label": "Fire",
    "conf": 0.9509971737861633,
    "time": "2025-07-03T06:45:12.789111",
    "ack": false
  },
  {
    "id": "c2c371c0-668d-44d4-970c-e14d2b2ed58c",
    "camera": "fire_video",
    "task": "火灾检测",
    "label": "Fire",
    "conf": 0.9577330946922302,
    "time": "2025-07-03T06:45:12.781067",
    "ack": false
  },
  {
    "id": "29e09be3-fd7d-4b70-8a13-e0100cacf19a",
    "camera": "fire_video",
    "task": "火灾检测",
    "label": "Fire",
    "conf": 0.951009213924408,
    "time": "2025-07-03T06:45:10.788621",
    "ack": false
  },
  {
    "id": "1050909a-14d5-4d00-8f5e-18f0ef1ce2b6",
    "camera": "fire_video",
    "task": "火灾检测",
    "label": "Fire",
    "conf": 0.9577342867851257,
    "time": "2025-07-03T06:45:10.780620",
    "ack": false
  },
  {
    "id": "51d3e861-bbda-450a-8570-310849bba36a",
    "camera": "fire_video",
    "task": "火灾检测",
    "label": "Fire",
    "conf": 0.9510064125061035,
    "time": "2025-07-03T06:45:08.784060",
    "ack": false
  },
  {
    "id": "9f876eb7-9ef4-415a-ad15-fc21184beed1",
    "camera": "fire_video",
    "task": "火灾检测",
    "label": "Fire",
    "conf": 0.9577332139015198,
    "time": "2025-07-03T06:45:08.775302",
    "ack": false
  },
  {
    "id": "acefa929-4302-479b-a418-98250d45367f",
    "camera": "fire_video",
    "task": "火灾检测",
    "label": "Fire",
    "conf": 0.9509946703910828,
    "time": "2025-07-03T06:45:06.795419",
    "ack": false
  },
  {
    "id": "4602d8c1-6463-45c7-b8c5-7cc9edfdcd0e",
    "camera": "fire_video",
    "task": "火灾检测",
    "label": "Fire",
    "conf": 0.9577350616455078,
    "time": "2025-07-03T06:45:06.786771",
    "ack": false
  },
  {
    "id": "aeb2a604-d96e-45ae-bf19-2bbd3bd862b8",
    "camera": "fire_video",
    "task": "火灾检测",
    "label": "Fire",
    "conf": 0.9509872198104858,
    "time": "2025-07-03T06:45:04.779062",
    "ack": false
  },
  {
    "id": "6dbea684-d694-4e1f-a6de-777dd81a295c",
    "camera": "fire_video",
    "task": "火灾检测",
    "label": "Fire",
    "conf": 0.957736611366272,
    "time": "2025-07-03T06:45:04.771088",
    "ack": false
  },
  {
    "id": "0ec5b99c-eb13-4d02-817c-b81e56985ee7",
    "camera": "fire_video",
    "task": "火灾检测",
    "label": "Fire",
    "conf": 0.950989842414856,
    "time": "2025-07-03T06:45:02.789551",
    "ack": false
  },
  {
    "id": "c55f9c00-d17c-4c1f-8fe1-14344424db3d",
    "camera": "fire_video",
    "task": "火灾检测",
    "label": "Fire",
    "conf": 0.9577353000640869,
    "time": "2025-07-03T06:45:02.781656",
    "ack": false
  },
  {
    "id": "472f34ec-85d7-4897-9a65-214ec5b09415",
    "camera": "fire_video",
    "task": "火灾检测",
    "label": "Fire",
    "conf": 0.9509877562522888,
    "time": "2025-07-03T06:45:00.793729",
    "ack": false
  },
  {
    "id": "094d83ca-eab1-4e28-b4fc-2df623e953f6",
    "camera": "fire_video",
    "task": "火灾检测",
    "label": "Fire",
    "conf": 0.9577394127845764,
    "time": "2025-07-03T06:45:00.785182",
    "ack": false
  },
  {
    "id": "0851747e-06e0-4f59-9947-53f3b21f2038",
    "camera": "fire_video",
    "task": "火灾检测",
    "label": "Fire",
    "conf": 0.9510141015052795,
    "time": "2025-07-03T06:44:58.725216",
    "ack": false
  },
  {
    "id": "055f2d33-a136-40e6-add6-5f09b4f1dc7b",
    "camera": "fire_video",
    "task": "火灾检测",
    "label": "Fire",
    "conf": 0.9577351808547974,
    "time": "2025-07-03T06:44:58.721044",
    "ack": false
  },
  {
    "id": "475db782-1170-45e9-a596-b3eb15514df5",
    "camera": "fire_video",
    "task": "火灾检测",
    "label": "Fire",
    "conf": 0.9509959816932678,
    "time": "2025-07-03T06:44:56.785888",
    "ack": false
  },
  {
    "id": "aa2b40af-727d-4861-92ee-2c9006509e36",
    "camera": "fire_video",
    "task": "火灾检测",
    "label": "Fire",
    "conf": 0.9577348232269287,
    "time": "2025-07-03T06:44:56.777742",
    "ack": false
  },
  {
    "id": "f57e2841-ee81-460e-b856-83fc2f847c84",
    "camera": "fire_video",
    "task": "火灾检测",
    "label": "Fire",
    "conf": 0.950989842414856,
    "time": "2025-07-03T06:44:54.788968",
    "ack": false
  },
  {
    "id": "d2ba259e-69fe-48f2-904b-af585cc5cf05",
    "camera": "fire_video",
    "task": "火灾检测",
    "label": "Fire",
    "conf": 0.9577354192733765,
    "time": "2025-07-03T06:44:54.781051",
    "ack": false
  },
  {
    "id": "72074795-0a89-4a11-8102-17f6232dca82",
    "camera": "fire_video",
    "task": "火灾检测",
    "label": "Fire",
    "conf": 0.9509905576705933,
    "time": "2025-07-03T06:44:52.779254",
    "ack": false
  },
  {
    "id": "909f8f97-bc03-46e4-88d6-77b0acd3c711",
    "camera": "fire_video",
    "task": "火灾检测",
    "label": "Fire",
    "conf": 0.9577330946922302,
    "time": "2025-07-03T06:44:52.771336",
    "ack": false
  },
  {
    "id": "d992f8f5-32f5-4392-ad41-9c0fb66c9b10",
    "camera": "fire_video",
    "task": "火灾检测",
    "label": "Fire",
    "conf": 0.9509915709495544,
    "time": "2025-07-03T06:44:50.778905",
    "ack": false
  },
  {
    "id": "309b3e95-4165-4548-a911-cce78128eaa6",
    "camera": "fire_video",
    "task": "火灾检测",
    "label": "Fire",
    "conf": 0.9577380418777466,
    "time": "2025-07-03T06:44:50.771005",
    "ack": false
  },
  {
    "id": "aca956d9-d7cd-411f-b569-6a8f0ced22f3",
    "camera": "fire_video",
    "task": "火灾检测",
    "label": "Fire",
    "conf": 0.9509904980659485,
    "time": "2025-07-03T06:44:48.777828",
    "ack": false
  },
  {
    "id": "ddcf0238-dd13-455f-8782-b18621e1c283",
    "camera": "fire_video",
    "task": "火灾检测",
    "label": "Fire",
    "conf": 0.9577378034591675,
    "time": "2025-07-03T06:44:48.769887",
    "ack": false
  },
  {
    "id": "5594a5bc-72cf-494b-951d-e084f89bec95",
    "camera": "fire_video",
    "task": "火灾检测",
    "label": "Fire",
    "conf": 0.9509897232055664,
    "time": "2025-07-03T06:44:46.776868",
    "ack": false
  },
  {
    "id": "5421d9e9-da22-417f-ad11-355cda9dfa9b",
    "camera": "fire_video",
    "task": "火灾检测",
    "label": "Fire",
    "conf": 0.9577354192733765,
    "time": "2025-07-03T06:44:46.768953",
    "ack": false
  },
  {
    "id": "9f957561-8034-4b32-96d2-f52be532f6a0",
    "camera": "fire_video",
    "task": "火灾检测",
    "label": "Fire",
    "conf": 0.9510085582733154,
    "time": "2025-07-03T06:44:44.780456",
    "ack": false
  },
  {
    "id": "885b3dd4-0ed8-4749-8e2b-db18181c07db",
    "camera": "fire_video",
    "task": "火灾检测",
    "label": "Fire",
    "conf": 0.9577304720878601,
    "time": "2025-07-03T06:44:44.771998",
    "ack": false
  },
  {
    "id": "0bfefe4a-260c-46f0-8464-0c12b8207438",
    "camera": "fire_video",
    "task": "火灾检测",
    "label": "Fire",
    "conf": 0.9509993195533752,
    "time": "2025-07-03T06:44:42.792642",
    "ack": false
  },
  {
    "id": "f2a39abb-cfa9-425f-bf15-6d4bd4071510",
    "camera": "fire_video",
    "task": "火灾检测",
    "label": "Fire",
    "conf": 0.9577330946922302,
    "time": "2025-07-03T06:44:42.784360",
    "ack": false
  },
  {
    "id": "56a7575a-f67c-4a65-a46b-f3d0c9174807",
    "camera": "fire_video",
    "task": "火灾检测",
    "label": "Fire",
    "conf": 0.9509940147399902,
    "time": "2025-07-03T06:44:40.354780",
    "ack": false
  },
  {
    "id": "1c9bc49d-977a-4b92-bd1e-b66048b108da",
    "camera": "fire_video",
    "task": "火灾检测",
    "label": "Fire",
    "conf": 0.9577338695526123,
    "time": "2025-07-03T06:44:40.346603",
    "ack": false
  },
  {
    "id": "c935db08-cc70-4043-912e-bbd5bbcd745d",
    "camera": "fire_video",
    "task": "火灾检测",
    "label": "Fire",
    "conf": 0.950989842414856,
    "time": "2025-07-03T06:44:38.417895",
    "ack": false
  },
  {
    "id": "6a9e08eb-2474-470f-9fbc-e6131bc54371",
    "camera": "fire_video",
    "task": "火灾检测",
    "label": "Fire",
    "conf": 0.9577354192733765,
    "time": "2025-07-03T06:44:38.409931",
    "ack": false
  },
  {
    "id": "8f184d49-8527-4ead-b45d-6fa961733d1c",
    "camera": "fire_video",
    "task": "火灾检测",
    "label": "Fire",
    "conf": 0.9509916305541992,
    "time": "2025-07-03T06:44:37.101285",
    "ack": false
  },
  {
    "id": "ea57abf2-1aa9-4f24-b11d-3f3b78bd1cff",
    "camera": "fire_video",
    "task": "火灾检测",
    "label": "Fire",
    "conf": 0.9577380418777466,
    "time": "2025-07-03T06:44:37.092844",
    "ack": false
  },
  {
    "id": "8bab1824-3ae8-4a72-97b9-d297a0f9843f",
    "camera": "fire_video",
    "task": "火灾检测",
    "label": "Fire",
    "conf": 0.950989842414856,
    "time": "2025-07-03T06:43:56.580005",
    "ack": false
  },
  {
    "id": "2d2c3e41-7301-4f82-8d55-88093e69c1d9",
    "camera": "fire_video",
    "task": "火灾检测",
    "label": "Fire",
    "conf": 0.9577354192733765,
    "time": "2025-07-03T06:43:56.572396",
    "ack": false
  },
  {
    "id": "fa1bdebd-a465-47b7-b5d0-14a7c3788558",
    "camera": "fire_video",
    "task": "火灾检测",
    "label": "Fire",
    "conf": 0.9510005116462708,
    "time": "2025-07-03T06:42:56.466146",
    "ack": false
  },
  {
    "id": "b65f4cb1-40bc-4b9b-a07b-edd77cedfa9c",
    "camera": "fire_video",
    "task": "火灾检测",
    "label": "Fire",
    "conf": 0.9577320218086243,
    "time": "2025-07-03T06:42:56.462462",
    "ack": false
  },
  {
    "id": "e94b14ed-58ef-4640-897e-0ebdd5d666a6",
    "camera": "fire_video",
    "task": "火灾检测",
    "label": "Fire",
    "conf": 0.9509978890419006,
    "time": "2025-07-03T06:41:56.466515",
    "ack": false
  },
  {
    "id": "a444ef1c-5881-4549-b2b0-27c9914e6705",
    "camera": "fire_video",
    "task": "火灾检测",
    "label": "Fire",
    "conf": 0.9577354192733765,
    "time": "2025-07-03T06:41:56.462766",
    "ack": false
  },
  {
    "id": "1f79df0b-ef1e-4130-bdf2-a4655c3c57f2",
    "camera": "fire_video",
    "task": "火灾检测",
    "label": "Fire",
    "conf": 0.9509915709495544,
    "time": "2025-07-03T06:40:56.717695",
    "ack": false
  },
  {
    "id": "c8f8336d-9a2e-4bae-a15c-3af228b1f19c",
    "camera": "fire_video",
    "task": "火灾检测",
    "label": "Fire",
    "conf": 0.9577380418777466,
    "time": "2025-07-03T06:40:56.710106",
    "ack": false
  },
  {
    "id": "0f1d607d-8363-4164-89a3-95159dd97928",
    "camera": "fire_video",
    "task": "火灾检测",
    "label": "Fire",
    "conf": 0.9509917497634888,
    "time": "2025-07-03T06:37:01.677994",
    "ack": false
  },
  {
    "id": "e90a6bc6-c3ea-436a-be80-1b6e13277a4b",
    "camera": "fire_video",
    "task": "火灾检测",
    "label": "Fire",
    "conf": 0.9577404260635376,
    "time": "2025-07-03T06:37:01.668765",
    "ack": false
  },
  {
    "id": "6026b470-cb4a-4cb8-a98b-e52175a99a35",
    "camera": "fire_video",
    "task": "火灾检测",
    "label": "Fire",
    "conf": 0.9509871006011963,
    "time": "2025-07-03T06:36:57.456281",
    "ack": false
  },
  {
    "id": "d1325e61-f492-435a-b5b3-c6bbd6e17bab",
    "camera": "fire_video",
    "task": "火灾检测",
    "label": "Fire",
    "conf": 0.9577354788780212,
    "time": "2025-07-03T06:36:57.448574",
    "ack": false
  },
  {
    "id": "7f376588-eef5-4a99-bedc-76195faabad6",
    "camera": "fire_video",
    "task": "火灾检测",
    "label": "Fire",
    "conf": 0.950985312461853,
    "time": "2025-07-03T06:36:56.718528",
    "ack": false
  },
  {
    "id": "bd382e1d-4c59-4ba1-b4f1-80f4e3f812fe",
    "camera": "fire_video",
    "task": "火灾检测",
    "label": "Fire",
    "conf": 0.9577374458312988,
    "time": "2025-07-03T06:36:56.710894",
    "ack": false
  },
  {
    "id": "1b2878e7-1743-4838-8ceb-00e1305ddb5b",
    "camera": "fire_video",
    "task": "火灾检测",
    "label": "Fire",
    "conf": 0.9509738683700562,
    "time": "2025-07-03T06:35:57.206709",
    "ack": false
  },
  {
    "id": "68732474-2c8f-4cd7-8941-e88c8a2b5ff3",
    "camera": "fire_video",
    "task": "火灾检测",
    "label": "Fire",
    "conf": 0.9577305912971497,
    "time": "2025-07-03T06:35:57.203106",
    "ack": false
  },
  {
    "id": "a41d3d8d-4a45-447e-b33b-9d6e83b0f855",
    "camera": "fire_video",
    "task": "火灾检测",
    "label": "Fire",
    "conf": 0.9509819746017456,
    "time": "2025-07-03T06:35:56.724806",
    "ack": false
  },
  {
    "id": "02616f0d-9cf6-4684-aefe-fe06ae0b949c",
    "camera": "fire_video",
    "task": "火灾检测",
    "label": "Fire",
    "conf": 0.9577266573905945,
    "time": "2025-07-03T06:35:56.717105",
    "ack": false
  },
  {
    "id": "421f0a3a-1efb-4351-9279-caef5f1b8042",
    "camera": "fire_video",
    "task": "火灾检测",
    "label": "Fire",
    "conf": 0.9510064125061035,
    "time": "2025-07-03T06:35:11.898630",
    "ack": false
  },
  {
    "id": "c382a231-513e-43c0-a63d-82fe1a4e7c02",
    "camera": "fire_video",
    "task": "火灾检测",
    "label": "Fire",
    "conf": 0.9577333331108093,
    "time": "2025-07-03T06:35:11.891022",
    "ack": false
  },
  {
    "id": "051ab8a2-4f30-4e93-88f4-b6723fdec9f1",
    "camera": "fire_video",
    "task": "火灾检测",
    "label": "Fire",
    "conf": 0.950975239276886,
    "time": "2025-07-03T06:35:11.292608",
    "ack": false
  },
  {
    "id": "2a360459-b690-4f95-b65f-ddf44027c76d",
    "camera": "fire_video",
    "task": "火灾检测",
    "label": "Fire",
    "conf": 0.9577312469482422,
    "time": "2025-07-03T06:35:11.285039",
    "ack": false
  }
]